<?xml version="1.0" encoding="utf-8" ?>
<!DOCTYPE mapper PUBLIC "-//mybatis.org//DTD Mapper 3.0//EN"
        "http://mybatis.org/dtd/mybatis-3-mapper.dtd">
<mapper namespace="com.example.schoolManager.mapper.VaccineMapper">

    <select id="getAllHospital" resultType="hospitalDTO">
        SELECT * FROM hospital
    </select>

    <insert id="saveReserve"  parameterType="vaccresvDTO">
        INSERT INTO vaccresv (resv_no, jumin, host_code, resv_date, resv_time, v_code)
        VALUES (#{vaccresvDTO.resv_no}, #{vaccresvDTO.jumin}, #{vaccresvDTO.host_code},
        TO_DATE(#{vaccresvDTO.resv_date}, 'YYYY-MM-DD'), CAST(#{vaccresvDTO.resv_time} AS TIME), #{vaccresvDTO.v_code})
    </insert>

    <select id="getNo" parameterType="Integer" resultType="reserveDTO">
        SELECT v.resv_no, v.jumin, v.host_code, v.resv_date, v.resv_time, j.name, h.host_name, h.host_addr,
        CASE v.v_code
        WHEN 'V001' THEN 'A백신'
        WHEN 'V002' THEN 'B백신'
        WHEN 'V003' THEN 'C백신'
        WHEN 'V004' THEN 'D백신'
        END AS vacc_name,
        CASE h.host_addr
        WHEN '10' THEN '서울'
        WHEN '20' THEN '대전'
        WHEN '30' THEN '대구'
        WHEN '40' THEN '광주'
        END AS host_location
        FROM vaccresv AS v INNER JOIN hospital AS h ON v.host_code = h.host_code
        INNER JOIN jumin AS j ON v.jumin = j.jumin
        WHERE v.resv_no = #{resv_no}
    </select>

    <select id="resvCount" resultType="reserveDTO">
        SELECT h.host_addr, h.host_name, COUNT(v.resv_no) AS resv_count
        FROM hospital h
        INNER JOIN vaccresv v ON h.host_code = v.host_code
        GROUP BY h.host_addr, h.host_name;
    </select>

    <select id="getMaxResvNo" resultType="int">
        SELECT COALESCE(MAX(resv_no), 0) FROM vaccresv
    </select>
</mapper>
