<?xml version="1.0" encoding="utf-8" ?>
<!DOCTYPE mapper PUBLIC "-//mybatis.org//DTD Mapper 3.0//EN"
        "http://mybatis.org/dtd/mybatis-3-mapper.dtd">
<mapper namespace="com.example.schoolManager.mapper.VaccineMapper">

    <select id="getAllHospital" resultType="com.example.schoolManager.dto.HospitalDTO">
        SELECT * FROM hospital
    </select>

    <insert id="saveReserve"  parameterType="com.example.schoolManager.dto.VaccresvDTO">
        INSERT INTO vaccresv (resv_no, jumin, host_code, resv_date, resv_time, v_code)
        VALUES (#{resvNo}, #{jumin}, #{hostCode}, TO_DATE(#{resvDate}, 'YYYY-MM-DD'), CAST(#{resvTime} AS TIME), #{vCode})
    </insert>

    <select id="getJumin" parameterType="string" resultType="com.example.schoolManager.dto.VaccresvDTO">
        SELECT v.resv_no, v.jumin, v.host_code, v.resv_date, v.resv_time, j.name, h.host_name, h.host_addr,
        CASE v.v_code
        WHEN 'V001' THEN 'A백신'
        WHEN 'V002' THEN 'B백신'
        WHEN 'V003' THEN 'C백신'
        WHEN 'V004' THEN 'D백신'
        END AS vaccName,
        CASE h.host_code
        WHEN '10' THEN '서울'
        WHEN '20' THEN '대전'
        WHEN '30' THEN '대구'
        WHEN '40' THEN '광주'
        END AS hostLocation
        FROM vaccresv AS v INNER JOIN hospital AS h ON v.host_code = h.host_code
        INNER JOIN jumin AS j ON v.jumin = j.jumin
        WHERE v.jumin = #{jumin}
    </select>

    <select id="resvCount" resultType="com.example.schoolManager.dto.HospitalDTO">
        SELECT h.host_addr, h.host_name, COUNT(v.resv_no) AS resvCount
        FROM hospital h
        INNER JOIN vaccresv v ON h.host_code = v.host_code
        GROUP BY h.host_addr, h.host_name;
    </select>

</mapper>
