<?xml version="1.0" encoding="UTF-8"?>
<!DOCTYPE  mapper PUBLIC "-//mybatis.org//DTD Mapper 3.0//EN" 
"http://mybatis.org/dtd/mybatis-3-mapper.dtd">
<mapper namespace="kr.co.zinn.mapper.AdminMapper">
	
	<insert id="adminInsert" parameterType="adminDto">
		INSERT INTO admin(a_id, a_pw, a_name, a_phone, a_approval) 
		VALUES (#{adminDto.a_id}, #{adminDto.a_pw}, #{adminDto.a_name}, #{adminDto.a_phone}, #{adminDto.a_approval})
	</insert>
	
	<select id="loginConfirm" parameterType="adminDto" resultType="adminDto">
		SELECT a_id, a_pw, a_name, a_phone, a_approval FROM admin
		WHERE a_id = #{adminDto.a_id} AND a_approval > 0
	</select>
	
	<select id="adminList" parameterType="adminDto" resultType="adminDto">
		SELECT a_id, a_pw, a_name, a_phone, a_approval FROM admin
	</select>
	
	<update id="approvalView" parameterType="String">
		UPDATE admin SET a_approval = 1
		WHERE a_id = #{id}
	</update>
	
	<update id="update" parameterType="String">
	    UPDATE admin
	    SET a_name = #{a_name}, a_phone = #{a_phone}
	    WHERE a_id = #{a_id}
	</update>
	
	<select id="searchAdmin" parameterType="String" resultType="adminDto">
		<choose>
        <!-- category가 "Account"인 경우 -->
	        <when test="category == 'Account'">
	            SELECT * FROM admin WHERE a_id LIKE CONCAT('%', #{keyword}, '%')
	        </when>
	        <!-- category가 "Name"인 경우 -->
	        <when test="category == 'Name'">
	            SELECT * FROM admin WHERE a_name LIKE CONCAT('%', #{keyword}, '%')
	        </when>
	        <!-- category가 "Phone"인 경우 -->
	        <when test="category == 'Phone'">
	            SELECT * FROM admin WHERE a_phone LIKE CONCAT('%', #{keyword}, '%')
	        </when>
	        <!-- 그 외의 경우 -->
	        <otherwise>
	            SELECT * FROM admin
	        </otherwise>
    </choose>
	</select>

	

</mapper>