<?xml version="1.0" encoding="UTF-8"?>
<!DOCTYPE configuration PUBLIC "-//mybatis.org//DTD Config 3.0//EN"
        "http://mybatis.org/dtd/mybatis-3-config.dtd">
<configuration>
    <typeAliases>
        <typeAlias type="com.example.schoolManager.dto.VaccresvDTO" alias="vaccresvDTO"></typeAlias>
        <typeAlias type="com.example.schoolManager.dto.HospitalDTO" alias="hospitalDTO"></typeAlias>
        <typeAlias type="com.example.schoolManager.dto.ReserveDTO" alias="reserveDTO"></typeAlias>
    </typeAliases>
</configuration>