<?xml version="1.0" encoding="utf-8" ?>
<!DOCTYPE mapper PUBLIC "-//mybatis.org//DTD Mapper 3.0//EN"
        "http://mybatis.org/dtd/mybatis-3-mapper.dtd">
<mapper namespace="com.example.mybatisTest.mapper.BoardMapper">
    <insert id="save" parameterType="BoardDto">
        INSERT INTO board_table(boardtitle, boardwriter, boardpass, boardcontents)
        values(#{boardDto.boardTitle},#{boardDto.boardWriter},#{boardDto.boardPass},#{boardDto.boardContents})
    </insert>

    <select id="findAll" resultType="BoardDto">
        SELECT id, boardtitle, boardwriter, boardhits,
        TO_CHAR(createdat,'yyyy-mm-dd') AS createdAt
        FROM board_table ORDER BY id DESC
    </select>

    <select id="findById" parameterType="long" resultType="BoardDto">
        SELECT id, boardtitle, boardwriter, TO_CHAR(createdat,'yyyy-mm-dd') AS createdAt,
        boardhits, boardcontents, boardpass
        FROM board_table WHERE id = #{id}
    </select>

    <update id="updateHits" parameterType="long">
        UPDATE board_table
        SET boardhits = boardhits + 1
        WHERE id = #{id}
    </update>

    <delete id="deleteById" parameterType="long">
        DELETE FROM board_table WHERE id = #{id}
    </delete>

    <update id="updateById" >
        UPDATE board_table
        SET boardtitle = #boardtitle, boardcontents = #boardcontents
        WHERE id = #{boardDto.id}
    </update>

</mapper>